championName,summoner1Id,summoner2Id,kills,deaths,assists,totalMinionsKilled,item0,item1,item2,item3,item4,item5,item6,goldEarned,totalDamageDealtToChampions,physicalDamageDealtToChampions,magicDamageDealtToChampions,trueDamageDealtToChampions,totalDamageTaken,physicalDamageTaken,magicDamageTaken,trueDamageTaken,damageDealtToObjectives,damageSelfMitigated,totalHeal,totalHealsOnTeammates,firstBloodKill,doubleKills,tripleKills,quadrakills,pentakills,largestKillingSpree,turretsLost,turretTakedowns,teamId,win,gameEndedInEarlySurrender,gameEndedInSurrender,kda,killParticipation,goldPerMinute,damagePerMinute,teamDamagePercentage,damageTakenOnTeamPercentage,killsNearEnemyTurret,killsUnderOwnTurret,takedownsInEnemyFountain,killsOnRecentlyHealedByAramPack,firstTurretKilledTime
Shyvana,4,6,11,9,31,91,3111,8020,4401,3068,3748,0,0,15043,44322,11259,33062,0,38382,13471,23554,1356,2016,69557,5345,0,False,1,0,,,3,1,4,200,True,False,True,4.666666666666667,0.8936170212765957,798.1471567995751,2351.6518453207236,0.3182275266378912,0.25595870352776845,1.0,1.0,0.0,0.0,523.5538177595051
Gnar,4,32,5,9,22,48,3047,6631,4401,6333,1029,0,0,11856,24337,22205,1336,795,26100,12798,11349,1951,1015,31319,4279,0,False,0,0,,,3,4,1,200,False,False,False,3.0,0.6428571428571429,698.4773489880534,1433.7547405005923,0.23428232818002523,0.21331243508972195,0.0,1.0,0.0,0.0,
Rell,4,32,5,8,20,3,3111,6664,4401,3211,1028,0,0,9054,10649,1133,8683,832,19120,7352,9431,2336,398,31796,1750,617,True,0,0,,,2,0,3,100,True,False,False,3.125,0.8928571428571429,683.4415142092523,803.8720607350918,0.15545903879991538,0.27020533569402844,3.0,0.0,0.0,0.0,444.81789680886334
Renekton,4,32,13,8,31,85,3047,3748,4401,3068,3083,3133,0,16933,40890,25463,12431,2995,52616,29188,20561,2867,2719,62028,11569,307,False,2,0,,,3,1,4,200,True,False,True,5.5,0.8,780.8653864883735,1885.6341767629972,0.3378624815387093,0.3174217075868457,6.0,1.0,0.0,0.0,355.10180658930096
Orianna,4,3,5,7,40,29,3158,6656,3157,3040,3112,0,0,10585,9232,607,8303,321,14203,4382,9321,499,2087,3742,474,0,False,1,0,,,2,2,2,100,True,False,True,6.428571428571429,1.25,699.3816538624769,610.0183287558166,0.09777320846122552,0.1426582900263143,1.0,0.0,0.0,0.0,
Kindred,4,3,9,13,23,124,3006,6671,3085,3072,1038,1037,0,16021,36391,26274,10116,0,37522,20434,15668,1419,3269,30040,10673,5393,False,0,0,,,2,2,3,100,True,False,False,2.4615384615384617,0.64,686.5117434235008,1559.3669426665158,0.21783746697946532,0.23034310473984007,3.0,1.0,0.0,0.0,307.8626975642987
Renekton,4,32,8,13,19,71,3111,3143,3068,4401,3077,3083,0,15821,22515,13589,7641,1285,58482,26487,28715,3280,1437,103106,6044,0,False,0,0,,,2,4,2,200,False,False,False,2.076923076923077,0.46551724137931033,645.5674961837163,918.6786800254691,0.17135362917927566,0.30991050770947814,4.0,0.0,0.0,1.0,
MissFortune,4,3,9,11,21,84,3158,3042,6692,6696,3035,1036,0,12901,23877,20031,2965,880,20590,9728,10303,557,6047,8621,908,0,False,1,1,,,3,2,3,200,True,False,False,2.727272727272727,0.7894736842105263,749.9244933478715,1387.943480744524,0.2252319245706926,0.164368014407994,1.0,2.0,0.0,0.0,
Orianna,4,3,6,8,35,30,3111,3040,6655,3089,0,0,0,11573,16255,795,15460,0,19396,5144,13920,331,4099,11055,3341,0,False,0,0,,,2,2,4,100,True,False,False,5.125,1.1081081081081081,716.7057575958848,1006.6659700156688,0.15204626570835003,0.1633308920890965,1.0,1.0,0.0,0.0,297.61580672850954
Zeri,4,3,6,11,26,85,3006,3748,3078,3085,3133,3067,0,13840,24666,15101,9564,0,30292,10829,16522,2941,1845,9646,1661,0,False,1,0,,,2,4,1,200,False,False,False,2.909090909090909,0.5333333333333333,665.5826610413853,1186.222035737684,0.19755320258126033,0.17742729927015483,1.0,1.0,0.0,0.0,300.14002921068794
LeeSin,4,32,6,13,25,17,3047,6630,6333,3082,4401,0,0,12595,23479,16207,5308,1964,35581,20114,10260,5206,667,60450,4748,0,False,1,0,,,2,4,2,100,False,False,False,2.3846153846153846,0.5166666666666667,597.2383159841754,1113.355604671824,0.17493549161716254,0.25179821879218406,3.0,0.0,0.0,0.0,254.79748089999998
Qiyana,4,32,7,13,21,22,3111,6693,3042,3814,1036,1036,0,10935,19851,17609,779,1461,20082,9038,10699,344,505,15802,0,0,False,1,0,,,3,1,0,100,True,False,False,2.1538461538461537,0.509090909090909,649.320916089604,1178.6651349739225,0.16759644344172328,0.16767607939058088,2.0,2.0,0.0,0.0,349.7870428272794
Camille,4,32,0,2,0,3,1001,2051,2031,3057,0,0,0,3216,1616,1234,62,319,4361,2255,1988,117,0,3049,280,0,False,0,0,,,0,4,0,200,False,False,False,0.0,0.0,600.5323366056056,301.8691778395761,0.3575633586797671,0.3449912288367427,0.0,0.0,0.0,0.0,
Gnar,4,32,6,11,20,43,3047,3067,6333,3078,3051,1033,0,11582,20600,17857,1417,1325,26108,13010,10868,2230,1731,28668,1759,0,False,1,1,,,3,4,2,100,False,False,False,2.3636363636363638,0.5777777777777777,654.6026134035409,1164.2691781221413,0.1864285849629155,0.21512374687636895,1.0,1.0,0.0,0.0,678.5752743927474
Ashe,4,3,8,11,40,77,3158,6696,4005,3042,3814,3035,0,16179,37224,28908,8316,0,27767,11395,15701,670,3055,10598,2933,0,True,0,0,,,2,2,4,100,True,False,False,4.363636363636363,0.9411764705882353,727.8914976457706,1674.6600670047794,0.22843170162572846,0.21233200470503397,2.0,1.0,0.0,0.0,
Shyvana,4,6,6,11,20,41,3111,3748,3068,1011,8001,1006,0,12152,16876,4159,12005,711,38236,18449,10803,8983,1560,44322,1674,0,False,1,0,,,2,4,2,100,False,False,False,2.3636363636363638,0.4727272727272727,647.4831329484352,899.2226409093105,0.1708960824191594,0.26495052622787757,3.0,1.0,0.0,0.0,340.42333877327894
Leblanc,4,14,19,14,33,51,3020,3089,6655,3102,3135,3083,0,19778,47317,1546,42269,3501,33793,16457,16264,1071,985,22392,1602,0,False,2,0,,,3,3,1,100,True,False,False,3.7142857142857144,1.0,704.5919173969893,1685.631636204931,0.18220503224882403,0.2054845068877971,8.0,3.0,0.0,0.0,676.60529975237
Trundle,4,32,3,14,29,27,3111,6632,3143,3065,6333,1037,0,15513,14663,9118,3258,2285,59466,32376,21186,5903,1555,82252,18449,0,False,0,0,,,0,4,2,200,False,False,False,2.2857142857142856,0.5423728813559322,559.9053977322628,529.2435154798912,0.09980257882797593,0.30211328183868985,0.0,1.0,0.0,0.0,780.8038733491983
Rell,4,32,2,8,28,16,3111,2031,3083,6662,1028,0,0,8684,12894,1445,9764,1684,21493,10242,7961,3289,1197,27449,1381,343,False,0,0,,,0,0,3,100,True,False,False,3.75,1.0,673.0140278872702,999.274781312935,0.15076208645246167,0.28785998585545813,2.0,0.0,0.0,0.0,332.49118794104487
Gangplank,4,32,5,11,14,63,3158,6691,6676,1038,3508,1018,0,13560,27549,14519,6899,6130,25532,17554,7473,503,1098,19465,4430,0,False,0,0,,,0,4,1,100,False,False,False,1.7272727272727273,0.34545454545454546,595.5262661479434,1209.8888127135567,0.19715122738089252,0.1296148999123727,1.0,0.0,0.0,0.0,
Lissandra,4,32,6,12,18,59,3111,6656,3157,3102,1058,1058,0,12579,20897,1196,18045,1655,22761,5615,15569,1577,308,21481,752,183,False,0,0,,,2,4,0,200,False,False,False,2.0,0.4528301886792453,656.1917318067713,1090.1082181352217,0.2686255102259599,0.2092061596683635,0.0,2.0,0.0,0.0,
Annie,4,14,12,9,21,26,3020,6653,3116,3165,1052,0,0,11598,19861,286,18042,1531,16754,10337,4773,1643,1333,7842,505,0,False,3,1,,,4,1,3,100,True,False,False,3.6666666666666665,0.8918918918918919,818.4324620101208,1401.4729088690087,0.2690680395949317,0.20634757468849724,2.0,4.0,0.0,0.0,357.32292140666124
Yorick,4,32,3,12,10,12,3111,6632,2051,3110,3066,1057,0,9814,11534,6928,3618,988,31332,12271,12209,6851,570,23155,5170,0,False,0,0,,,0,4,1,100,False,False,False,1.0833333333333333,0.2708333333333333,560.7108989582806,658.9664821684235,0.12154333878393983,0.2901811112894538,0.0,3.0,0.0,0.0,
Lux,4,3,17,8,33,81,3020,6656,3040,3135,3089,3145,0,16382,30893,1658,27241,1993,20575,9154,10843,577,3939,18303,2370,0,False,3,1,,,4,2,4,100,True,False,False,6.25,1.3157894736842106,769.0444972741481,1450.227701686904,0.2174153528182331,0.16088851552017594,1.0,6.0,0.0,2.0,
Teemo,4,3,6,10,28,35,3020,6653,3115,3116,1052,0,0,10946,22517,1917,19070,1528,17739,11080,5835,823,1917,6604,36,0,False,1,1,,,3,1,0,100,True,False,False,3.4,1.096774193548387,676.1658461991196,1390.9437048683264,0.1938519538330901,0.22195357437194815,0.0,0.0,0.0,1.0,411.97536243564053
Hecarim,6,3,5,6,18,18,3047,6664,3066,3075,1031,3070,0,9618,8771,4966,3805,0,20561,14141,5778,641,1057,26500,5062,123,False,2,0,,,2,0,2,200,True,False,False,3.8333333333333335,0.8214285714285714,733.0164849100626,668.466640591587,0.16532563668700068,0.3192691809813239,0.0,0.0,0.0,0.0,429.6875989815027
Sona,4,3,1,6,12,3,1001,1004,6617,3070,3011,1052,0,7476,3397,679,2717,0,13111,4717,7323,1070,462,6787,6887,3357,False,0,0,,,0,2,0,200,False,False,True,2.1666666666666665,0.40625,579.813399874787,263.46123352877856,0.06948044187487869,0.17322329606794473,0.0,0.0,0.0,0.0,
Rakan,4,3,1,12,31,13,3047,2065,3011,4401,3143,0,0,12592,7694,1035,6385,273,30041,17737,11701,601,88,40119,4104,1474,False,0,0,,,0,4,1,200,False,False,False,2.6666666666666665,0.47058823529411764,560.4376481253429,342.4369690957522,0.05295150471900329,0.1929283968585437,1.0,0.0,0.0,0.0,
MissFortune,4,3,14,13,22,82,6653,6696,3042,6694,3134,3133,0,15039,26064,16588,8438,1037,22667,13118,9030,518,1285,7148,127,0,False,2,0,,,3,4,1,200,False,False,False,2.769230769230769,0.6666666666666666,837.3607939775616,1451.193319267719,0.25056439511713735,0.1837927298799742,2.0,5.0,0.0,0.0,
Sona,4,3,2,10,18,5,3158,2065,2420,1029,1004,3040,0,7657,4206,982,3224,0,17759,9413,7582,764,0,6757,4651,2009,False,1,0,,,2,4,0,100,False,False,False,2.0,0.45454545454545453,583.367429310256,320.47999541812584,0.08359792789180215,0.21605342167089917,0.0,1.0,0.0,0.0,
Hecarim,6,3,4,11,31,64,3047,6664,3742,3121,3065,1037,0,14688,20874,11327,8604,943,51366,27892,18555,4918,365,85581,15659,637,False,1,0,,,2,4,0,200,False,False,False,3.1818181818181817,0.6481481481481481,631.3624443157468,897.2743359515027,0.1536371010703472,0.28083067708093296,0.0,0.0,0.0,0.0,543.944103110854
MissFortune,4,3,6,12,24,104,6653,3134,6696,3156,3042,3133,0,14964,26910,15120,10426,1363,22732,10877,11258,597,597,8512,1413,0,False,0,0,,,3,4,1,200,False,False,False,2.5,0.45454545454545453,705.2996098226099,1268.3137257540245,0.1936215177211572,0.13964997135139698,1.0,1.0,0.0,0.0,
Gnar,4,32,7,8,17,33,3111,6631,6333,3091,0,0,0,11583,12233,10805,592,835,18741,7099,10144,1497,2039,15268,1599,0,False,1,0,,,2,0,3,200,True,False,False,3.0,0.75,684.5429280044679,722.9422054208962,0.15200622514101447,0.2552800207922611,6.0,0.0,0.0,1.0,550.1985744
Ashe,6,3,11,14,29,61,3009,3042,6696,6691,3074,3051,0,14991,39655,34436,4291,927,29582,9393,19353,834,2607,8754,1796,0,False,2,0,,,3,4,3,200,False,False,False,2.857142857142857,0.6153846153846154,676.7806855093456,1790.1970407082824,0.23187136409949602,0.1383046559681361,1.0,6.0,0.0,0.0,261.165617
Syndra,4,3,4,7,7,57,1001,6655,3112,3040,1028,1058,0,8926,13575,267,12559,748,15669,7456,7329,882,265,6120,1003,0,False,0,0,,,2,4,0,200,False,False,False,1.5714285714285714,0.2972972972972973,651.1971002426914,990.3521756966106,0.3197639169919505,0.1784986445201124,0.0,2.0,0.0,1.0,
Akshan,4,3,4,11,10,48,3006,6671,3072,3134,0,1037,0,10169,16602,14691,1910,0,18037,10852,7154,30,0,10724,1110,0,True,0,0,,,2,4,0,100,False,False,False,1.2727272727272727,0.34146341463414637,590.72738681792,964.4569910318498,0.1750931221108875,0.21410532716823844,1.0,3.0,0.0,0.0,711.8051554374895
Olaf,4,6,6,9,12,50,3047,6631,6333,3074,0,3070,0,12400,16271,13874,0,2397,29461,14323,10241,4896,1178,34939,3437,0,False,1,0,,,2,4,1,200,False,False,False,2.0,0.391304347826087,614.5977569965374,806.4403779565541,0.1752000910505602,0.2439689078198232,1.0,0.0,0.0,0.0,302.0100051738446
Maokai,4,32,11,12,28,53,3047,3075,3068,4637,3121,3110,0,19299,34923,1843,30665,2415,59140,36846,19076,3218,0,87797,22446,947,False,2,1,,,3,4,0,200,False,False,False,3.25,0.7090909090909091,652.4350723749683,1180.6059217945165,0.18680393412113291,0.24848933474465748,4.0,0.0,0.0,0.0,479.27048304113754
JarvanIV,4,3,1,14,35,33,3111,3068,3121,3077,4401,1028,0,12091,28847,17498,11348,0,41327,19560,19021,2744,211,92443,2217,0,False,0,0,,,0,4,2,200,False,False,False,2.5714285714285716,0.6666666666666666,578.8041963667564,1380.9606899424703,0.1827794410423968,0.23802770193288972,0.0,1.0,0.0,0.0,
Ezreal,4,3,6,6,13,78,1001,6691,3508,3042,3134,0,0,11780,17340,11682,5551,105,11601,7185,4196,220,3456,5266,1472,0,False,0,0,,,2,0,4,100,True,False,False,3.1666666666666665,0.76,706.12297837226,1039.3604779950037,0.20964249104968155,0.18975360300238925,4.0,1.0,0.0,0.0,361.580940353737
Annie,4,14,5,12,18,53,3158,6653,3116,3040,4637,1058,2052,13899,23011,403,18908,3699,25359,13528,11577,252,424,13904,1658,0,False,1,0,,,0,4,0,200,False,False,False,1.9166666666666667,0.3898305084745763,612.3679454728597,1013.8401414095949,0.1886383451935074,0.1870770749630597,1.0,1.0,0.0,0.0,
Leblanc,4,14,5,14,25,19,3020,6656,3157,3089,3102,1052,0,14914,35426,686,33156,1584,29742,9413,18240,2087,1036,18485,336,0,False,0,0,,,0,2,2,100,True,False,False,2.142857142857143,0.4838709677419355,609.04288422813,1446.6860088195047,0.18507000110928243,0.19556583935125324,1.0,2.0,0.0,0.0,375.9450766553927
Lulu,4,3,0,8,33,8,3158,3040,6617,3916,3504,4642,0,10510,2250,358,1891,0,19100,9135,9458,506,381,11869,4748,2421,False,0,0,,,0,4,2,100,False,False,True,4.125,0.7857142857142857,561.1216055000477,120.133277462416,0.027028417128784434,0.18425346815400265,0.0,0.0,0.0,0.0,324.3527654799132
Yasuo,4,14,7,16,18,64,3006,6673,6333,3072,3067,1028,0,14420,14678,10856,1835,1986,29453,16454,8473,4526,3233,45727,1220,0,False,0,0,,,0,2,3,200,True,False,False,1.5625,0.43859649122807015,635.1956132115263,646.5513591802625,0.09121605869387087,0.16911237168043008,2.0,1.0,0.0,0.0,
Yasuo,4,14,3,11,10,23,3111,6673,3091,1053,1018,0,0,9693,8413,6721,1224,468,17975,5179,11574,1221,0,28112,776,0,False,0,0,,,0,4,0,200,False,False,False,1.1818181818181819,0.2826086956521739,567.879744231982,492.9179904757052,0.10253751977954942,0.18830314072909068,2.0,0.0,0.0,0.0,
Evelynn,4,14,20,14,17,25,3158,3152,3100,3135,3089,3102,0,17104,41383,556,37962,2863,37633,14522,21812,1298,0,22834,7230,0,True,1,0,,,5,4,0,200,False,False,False,2.642857142857143,0.5873015873015873,700.8373591202032,1695.6517412603305,0.2252375975965914,0.2611373795144943,4.0,0.0,0.0,2.0,399.0224121453482
Gnar,4,32,3,8,15,45,3047,6631,3143,3076,1028,2051,0,9579,11803,10320,537,945,18693,13656,4859,177,1236,17512,245,0,True,0,0,,,0,1,2,100,True,False,False,2.25,0.5806451612903226,653.7564274972622,805.553068425075,0.14553510355252605,0.269290497313471,2.0,1.0,0.0,0.0,
Xayah,4,3,11,9,15,78,3158,6692,3042,3156,3134,1037,0,12607,26090,26090,0,0,17659,12918,4591,149,696,10371,1601,0,False,2,0,,,2,4,0,200,False,False,False,2.888888888888889,0.5531914893617021,759.7493309869112,1572.2155106899363,0.34259590440989207,0.16283106797927913,3.0,3.0,0.0,1.0,
LeeSin,4,32,10,13,13,38,3111,6630,6333,3156,3211,3067,0,13828,18746,14735,3491,520,32976,11411,15747,5818,0,56755,3187,0,False,1,0,,,3,4,0,200,False,False,False,1.7692307692307692,0.359375,694.4651183965233,941.4374639497813,0.17439775185561027,0.24113733386189742,2.0,1.0,0.0,0.0,
Orianna,4,3,4,11,29,32,3111,3040,6653,3089,0,0,0,11051,29878,1069,23800,5008,26374,8702,12856,4816,0,12730,1534,0,False,0,0,,,0,4,0,100,False,False,False,3.0,0.8048780487804879,625.0924483668655,1689.9783439469177,0.2379158957200728,0.20385236226775277,0.0,1.0,0.0,0.0,
Sion,4,6,5,14,16,32,3111,3068,4401,1011,1028,3077,0,10265,19658,13543,5988,127,45419,28856,14758,1804,608,56424,1218,0,False,1,0,,,3,4,1,200,False,False,False,1.5,0.3684210526315789,633.2826825110734,1212.8195224141598,0.17680110607597724,0.3040630965974441,1.0,1.0,0.0,0.0,455.94418249999995
Shyvana,4,6,5,10,21,39,3111,3083,3748,6662,1028,0,2052,11698,16157,4473,11684,0,36403,19850,9725,6827,369,30880,1344,0,False,1,0,,,2,4,0,100,False,False,False,2.6,0.4642857142857143,691.543878721819,955.1758047989197,0.1938324541531183,0.27282682623275484,3.0,0.0,0.0,0.0,490.38857756744517
Camille,4,32,2,15,21,13,3047,3078,3143,1036,4401,0,0,11463,16242,11687,1447,3107,38151,21287,14627,2236,1943,49196,2583,0,False,0,0,,,0,1,3,100,True,False,False,1.5333333333333334,0.39655172413793105,575.6887794048695,815.7279366909771,0.1260677371064349,0.2553098150863572,0.0,0.0,0.0,0.0,
Trundle,4,32,1,11,24,24,3111,6632,3143,2051,1028,0,0,9628,10205,7329,1645,1230,33228,23707,8890,630,2020,25705,9504,0,False,0,0,,,0,1,2,100,True,False,True,2.272727272727273,0.6756756756756757,628.0140671471196,665.5947327546535,0.10957724173730883,0.3440445792815416,1.0,0.0,0.0,0.0,
Camille,4,14,9,11,15,13,3111,6333,2051,3078,3155,1036,0,11862,23152,11789,1453,9910,27490,15017,9916,2556,933,32533,2603,0,False,1,0,,,2,2,2,200,True,False,True,2.1818181818181817,0.47058823529411764,650.8179995582848,1270.1848928919833,0.2194729158284108,0.18240766692496602,2.0,0.0,0.0,0.0,356.88726290003257
Renekton,4,6,8,8,21,51,3111,2051,1028,3068,4401,3211,0,10157,13936,9737,3454,743,25827,11417,13165,1245,2638,26910,4072,0,False,0,0,,,2,0,3,100,True,False,False,3.625,0.9354838709677419,788.2795141602122,1081.5080739756502,0.1574878072528525,0.27163673358639323,3.0,1.0,0.0,0.0,327.2520354
Lillia,4,3,15,10,21,65,3158,4637,6653,3165,3116,4630,0,14278,32647,869,22259,9518,29130,17414,10783,931,1500,12122,7557,0,False,2,0,,,5,1,3,200,True,False,False,3.6,0.8,795.6798202716752,1819.244274620843,0.28281355029854205,0.20923713720572495,3.0,3.0,0.0,0.0,492.0136594
Lillia,4,6,9,11,25,70,3111,3916,6653,3116,4637,4401,0,14283,26746,492,20657,5596,25802,12016,12713,1071,691,15934,4514,0,False,0,0,,,3,2,2,100,True,False,False,3.090909090909091,0.6538461538461539,705.7865477359235,1321.6370634913724,0.18240364190783406,0.17419242148008607,4.0,1.0,0.0,0.0,334.46692866600443
Veigar,4,3,7,6,22,55,3111,6656,1058,3070,3083,1057,0,11948,23724,1225,21732,766,19576,3072,15546,957,2406,9397,699,0,False,1,0,,,2,0,3,100,True,False,False,4.833333333333333,0.9354838709677419,714.5592688234257,1418.835349656071,0.2233963305443323,0.17659813136408112,2.0,2.0,0.0,0.0,403.33294709999996
Renekton,4,32,8,9,22,54,3111,3068,3143,3076,3065,2051,0,12015,19581,11518,7338,725,41585,23953,16538,1093,670,57739,6985,0,False,1,1,,,3,4,1,200,False,False,False,3.3333333333333335,0.6976744186046512,712.7361481455167,1161.5321645409165,0.22446151670006934,0.2899036784649749,2.0,1.0,0.0,0.0,526.2267703
Kennen,4,6,5,10,20,35,3020,3152,3089,3135,1028,1052,0,11851,22678,1230,20848,599,19363,6310,11688,1364,1436,9909,1007,0,False,0,0,,,2,4,1,200,False,False,True,2.5,0.5208333333333334,632.9935563193891,1211.2439980667448,0.18547790852545787,0.18355270216025868,1.0,1.0,0.0,0.0,525.053911086528
Lillia,4,3,10,10,22,56,3020,6653,3165,3116,4637,0,0,14098,37679,636,27824,9218,36327,12370,21680,2276,1309,15044,10322,0,False,2,1,,,4,4,2,200,False,False,False,3.2,0.5818181818181818,660.2561349472269,1764.5938318053625,0.26723480825325346,0.19116267292829328,2.0,0.0,0.0,0.0,347.361394723977
Senna,6,3,12,10,24,24,3006,3042,6672,3072,1042,1042,0,13197,17293,15402,0,1890,18307,13925,2410,1971,1680,8688,6299,3093,False,1,1,,,4,0,3,200,True,False,False,3.6,0.8,780.7318287914925,1023.0446312351313,0.16061438288574525,0.17737104678570567,3.0,1.0,0.0,1.0,339.11537588655716
Kassadin,4,32,2,8,5,13,3020,6656,3070,1029,3067,1028,0,5862,5805,484,4795,525,12206,9271,2407,527,0,8073,50,0,False,0,0,,,0,2,0,200,False,False,True,0.875,0.22580645161290322,602.5367291013872,596.6367383697876,0.1703503887721815,0.26480885281243743,1.0,0.0,0.0,0.0,
TahmKench,4,32,5,12,19,24,3047,3121,3110,3066,3068,1057,0,12907,18199,1719,15086,1393,42058,21329,20113,615,1075,78591,9233,0,True,1,0,,,3,4,0,200,False,False,False,2.0,0.4067796610169492,620.2527860970789,874.5633276143064,0.14107506654656377,0.25247456674204855,2.0,0.0,0.0,0.0,366.9306179688786
Kaisa,4,3,20,12,28,51,3020,3040,6655,3102,3135,3089,0,19028,60767,6135,54157,475,29409,20841,7022,1546,2038,17159,3227,0,False,3,1,,,4,4,4,200,False,False,False,4.0,0.6233766233766234,728.3395367194003,2325.937214542479,0.24487847035910995,0.1301832535772486,4.0,2.0,0.0,0.0,
Singed,6,32,12,13,29,59,3047,6664,3143,3121,1011,4637,0,15081,25070,1219,21099,2751,43988,21035,19740,3212,0,60502,2784,393,False,3,0,,,3,4,0,200,False,False,False,3.1538461538461537,0.7735849056603774,704.2338875968293,1170.6867427432142,0.21578771086923212,0.2709463432032777,3.0,4.0,0.0,0.0,
Leblanc,4,14,14,13,16,14,3020,6656,3157,3089,4645,3067,0,15047,24647,1183,21672,1791,29329,9987,18203,1138,2359,15858,729,0,True,0,0,,,4,2,4,100,True,False,False,2.3076923076923075,0.6122448979591837,672.7292085160168,1101.8967521778686,0.18018577209813563,0.2270730910753818,4.0,6.0,0.0,1.0,430.2675506406467
Diana,4,32,6,9,11,9,3020,3152,3157,0,3916,0,2052,8497,10263,1150,8418,695,13593,7830,5161,601,1151,12073,296,0,False,0,0,,,0,1,1,100,True,False,True,1.8888888888888888,0.68,647.9669478441839,782.6201516164948,0.12622709342042943,0.2002931915083894,3.0,1.0,0.0,0.0,398.5064165483767
Diana,4,32,5,15,26,39,3047,3152,3157,3165,3067,3070,0,11435,21404,1413,19186,804,30570,15018,15302,250,0,26910,131,0,False,0,0,,,2,4,0,200,False,False,False,2.066666666666667,0.5636363636363636,606.6298481003137,1135.4611236125952,0.15596427432350365,0.18213854484067235,0.0,3.0,0.0,0.0,
Renekton,4,32,7,7,20,38,3047,2051,3211,3068,3110,3067,0,9946,14071,9271,3769,1030,23671,13154,8818,1698,993,26856,4372,0,False,1,0,,,2,0,1,100,True,False,True,3.857142857142857,0.9,701.41906452313,992.2838571425352,0.16174041707824993,0.3047245438608584,4.0,1.0,0.0,0.0,650.1358066648647
TwistedFate,4,3,1,12,11,37,3006,6672,1053,3094,0,0,0,8856,8961,4535,3842,583,17988,7527,10381,80,36,5771,1372,0,False,0,0,,,0,4,0,200,False,False,False,1.0,0.21428571428571427,584.5326675056522,591.4852421801874,0.12542311977294446,0.13952628936821526,1.0,0.0,0.0,0.0,
Hecarim,6,3,4,12,24,28,3111,6664,3742,3065,3070,3067,0,12003,26993,14887,7017,5088,47991,20327,20878,6784,548,57722,9636,249,False,0,0,,,0,4,1,200,False,False,False,2.3333333333333335,0.5714285714285714,574.3375258503357,1291.5837321437964,0.18254424860069587,0.30918309537030064,1.0,0.0,0.0,1.0,
Shaco,4,6,7,13,28,27,3111,4637,3165,6617,8020,3116,0,15954,27231,2391,24839,0,40068,10803,26104,3160,629,26964,6123,3367,False,0,0,,,2,4,1,100,False,False,False,2.6923076923076925,0.5223880597014925,594.2641089885243,1014.28461860308,0.12709787013630575,0.22721428196362115,0.0,1.0,0.0,1.0,604.5101089510139
Tryndamere,4,6,13,11,14,58,3006,6671,3140,6675,3031,0,0,16150,20228,17280,2901,45,34508,6388,27713,406,2916,35476,12582,0,False,3,0,,,3,4,4,100,True,False,False,2.4545454545454546,0.6,711.8834671638473,891.6080608458924,0.19838038382424944,0.2557539079556244,5.0,1.0,0.0,1.0,
Orianna,4,3,10,10,40,61,3020,6656,3157,3040,1058,4645,0,14581,21335,1026,19514,794,26040,12448,12429,1162,2335,21741,1855,0,False,1,1,,,4,4,3,100,False,False,False,5.0,0.9433962264150944,751.5415051673483,1099.6591441396195,0.14933873847662177,0.1784120920713235,3.0,2.0,0.0,0.0,335.5449597972127
Corki,4,32,11,12,35,48,3020,3042,6655,3156,3074,0,0,13515,32218,4214,27525,478,18722,8022,9959,740,1732,8366,646,0,False,1,0,,,2,2,2,100,True,False,False,3.8333333333333335,0.8363636363636363,753.0648490581635,1795.200231700135,0.2445869071782404,0.11135057691573186,1.0,6.0,0.0,0.0,537.1184678
Lux,4,14,4,7,40,50,3020,3112,3157,0,3040,6655,0,12649,19338,718,16787,1832,18583,8710,9698,175,1549,10972,1999,0,False,0,0,,,0,1,4,100,True,False,False,6.285714285714286,1.1,671.249586207777,1026.191182038872,0.17894557811356987,0.12596293582162096,0.0,0.0,0.0,0.0,256.4182069
Sona,4,3,3,15,57,22,3158,6617,6616,3011,3040,1058,0,15784,17189,2361,14470,357,46889,23689,21418,1781,3862,20078,27538,10221,False,0,0,,,0,4,4,200,False,False,False,4.0,0.8,645.9163197950492,703.4364132927959,0.09561709704317753,0.15133635439616483,0.0,0.0,0.0,0.0,
Shyvana,6,32,2,12,38,41,3111,3068,3748,3083,3066,0,0,13229,30244,5521,23282,1440,45385,25075,19709,600,563,49435,2700,0,False,0,0,,,0,2,0,100,True,False,False,3.3333333333333335,0.8888888888888888,633.853153580656,1449.0901396988054,0.21302435699285957,0.28722904464232035,0.0,0.0,0.0,0.0,322.80123556333086
Thresh,4,3,0,13,33,16,3047,3190,3121,3065,3024,1029,0,11013,9341,1009,8119,212,31595,20015,10770,808,669,45704,872,0,False,0,0,,,0,4,3,200,True,False,False,2.5384615384615383,0.6226415094339622,566.54657174646,993.1197028905677,0.06963624459423022,0.17277281993317228,0.0,0.0,0.0,0.0,
Volibear,4,32,3,9,19,16,3111,3068,3082,4401,1028,3112,0,9715,15287,5222,8982,1082,27762,19078,7239,1443,488,32655,1120,0,False,0,0,,,2,4,0,100,False,False,False,2.4444444444444446,0.5945945945945946,615.2250349582923,2347.5220231807157,0.21435105164739873,0.24994824514510622,1.0,1.0,0.0,0.0,
Yasuo,4,3,6,14,15,61,3006,6673,3031,3065,1031,0,0,12018,10289,9402,886,0,23786,11549,9668,2569,1056,28961,372,0,False,0,0,,,2,4,2,200,False,False,False,1.5,0.4375,646.6561693004595,3651.6869563717787,0.11079383550711049,0.18079117155001842,0.0,2.0,0.0,1.0,
Orianna,4,3,9,9,24,61,3020,6656,3102,3040,1058,3112,0,13106,18371,411,17960,0,21890,4148,16071,1670,3697,10736,2956,0,False,1,0,,,3,1,4,200,True,False,False,3.6666666666666665,0.6875,721.0149758699664,3395.5721324563583,0.14205785768999354,0.20184313187628528,2.0,3.0,0.0,0.0,
Kennen,4,32,10,10,17,39,3020,3152,1026,4629,3089,1052,0,12353,21084,1368,18181,1534,20720,8769,9840,2110,2450,11523,1170,97,False,1,0,,,3,1,2,200,True,False,False,2.7,0.7714285714285715,692.8711362679634,2829.5260133141983,0.2254923425861627,0.21676305110359992,6.0,0.0,1.0,0.0,486.8646794
MissFortune,4,3,8,9,20,115,3006,6692,3042,3036,6676,1038,0,15504,46115,39596,3335,3182,27591,14806,12328,456,2708,12200,1729,0,True,0,0,,,3,4,1,200,False,False,False,3.111111111111111,0.5833333333333334,688.7760838242574,6142.8797550072495,0.3024658178483257,0.2163579933089797,1.0,4.0,0.0,0.0,539.4982608146914
Kaisa,4,3,5,12,27,37,3020,3040,6655,4628,1058,1058,0,13191,28938,5556,23382,0,22859,15425,7265,168,2244,11785,1905,0,False,1,0,,,2,1,4,200,True,False,False,2.6666666666666665,0.6037735849056604,668.0562385319542,2859.7103222443275,0.19500622821449273,0.20049572410316677,0.0,5.0,0.0,0.0,321.93605222051616
Renekton,4,32,8,7,24,51,3047,2051,3143,8001,3068,1029,0,11976,19557,11772,6774,1011,35017,23219,9978,1819,2542,51147,6793,0,True,2,0,,,3,2,4,200,True,False,False,4.571428571428571,0.9142857142857143,703.5142485663494,3581.233665493089,0.18764891597839478,0.3041502042767293,6.0,1.0,0.0,0.0,573.8459528
Vayne,4,6,5,15,9,35,3006,6673,3091,1053,1018,0,0,9669,10868,8557,363,1947,23447,9394,13696,356,352,12058,587,0,False,0,0,,,0,4,0,200,False,False,False,0.9333333333333333,0.2222222222222222,591.9745642154329,1749.9019496873495,0.1154732288303874,0.1908391694676964,0.0,3.0,0.0,0.0,550.8393185
Thresh,4,14,3,10,28,13,3111,3190,3065,3070,2051,3109,0,11220,8335,936,6636,762,22853,7481,14204,1167,801,26045,1635,495,False,1,0,,,2,2,1,200,True,False,False,3.1,0.5849056603773585,648.6991477745852,1244.1664457341885,0.09875144421383866,0.16437287399096268,0.0,0.0,0.0,0.0,
Braum,4,3,1,6,30,4,3111,3190,3110,0,3070,3076,0,7696,3808,1369,2439,0,12122,7659,2549,1913,661,13656,264,205,False,0,0,,,0,0,4,200,True,False,False,5.166666666666667,1.4761904761904763,681.2113404209865,603.5973393260734,0.07047424639338502,0.3054694362257604,0.0,0.0,0.0,0.0,272.0576576556028
Camille,4,32,4,11,9,27,3111,6632,2051,6333,3044,1028,0,10995,16497,10391,1168,4937,31028,19517,6711,4799,859,35505,4635,0,False,1,0,,,2,4,2,200,False,False,False,1.1818181818181819,0.28888888888888886,589.5956042179774,1877.7858937302824,0.15049833737878304,0.2953260713192194,2.0,0.0,0.0,0.0,387.3665785
Leblanc,4,14,6,10,20,13,3020,6656,3135,3112,3145,0,0,10047,20508,1808,17784,916,19884,11623,7866,394,124,9851,1277,0,False,0,0,,,0,4,1,100,False,False,True,2.6,0.5416666666666666,652.6769555618497,1885.9222354168953,0.20876910628741555,0.1943163167902597,1.0,2.0,0.0,0.0,
Yasuo,4,6,18,14,24,180,3006,6673,3139,3065,3072,3031,0,22592,60807,57303,3504,0,38679,8771,21741,8166,2242,99301,2048,0,False,3,1,,,4,2,4,100,True,False,False,3.0,0.65625,770.6229497048563,7902.422427162284,0.26429138083667303,0.16504373143778406,5.0,2.0,0.0,0.0,285.6891515
Draven,4,6,5,7,9,60,3006,6692,6676,3086,2015,0,0,9932,12253,11437,815,0,12514,5140,7014,358,790,5857,821,0,False,0,0,,,0,4,1,200,False,False,False,2.0,0.45161290322580644,743.6201667222716,3448.4999977292373,0.28788304980828044,0.1979722640600153,0.0,4.0,0.0,0.0,
Caitlyn,4,3,17,9,22,80,3006,6673,3072,3031,3046,0,0,15154,25883,24880,372,630,17645,5945,9983,1716,6299,15600,258,0,False,3,0,,,3,1,4,200,True,False,True,4.333333333333333,0.9285714285714286,851.0764365570557,5145.498286493529,0.21748471921542314,0.16540022246720298,5.0,2.0,0.0,0.0,
Caitlyn,4,3,5,12,21,38,3006,6671,3046,3031,1036,0,0,11305,18844,17442,1401,0,20998,12139,8699,160,2305,8667,1087,0,False,0,0,,,2,4,2,100,False,False,False,2.1666666666666665,0.52,595.9171548336747,2573.94210195319,0.17157379816654134,0.15093754776353402,3.0,1.0,0.0,0.0,369.3658296
Tryndamere,4,6,9,13,21,55,3006,6671,3031,6675,3046,1028,0,14639,17238,14975,2262,0,32131,18388,13184,557,2120,35745,7689,0,False,0,0,,,2,2,3,100,True,False,False,2.3076923076923075,0.5660377358490566,702.0822438729888,2973.6480573689432,0.13134208209119713,0.24224723104376858,3.0,0.0,0.0,0.0,261.5535372558203
Annie,4,14,12,14,17,47,3158,3089,3157,3040,1033,6655,0,16364,28322,636,24844,2842,28923,9127,17764,2032,2598,13667,2957,0,False,2,0,,,2,4,3,200,True,False,False,2.0714285714285716,0.4142857142857143,671.7167189264246,3333.512839660442,0.20999833197084766,0.16902148014889765,4.0,0.0,0.0,0.0,374.8536739372821
Jayce,4,14,10,8,17,60,3111,3142,3133,3042,0,6691,0,11622,28570,24850,2882,838,13719,4813,8532,372,915,8982,416,0,False,0,0,,,2,2,1,200,False,False,True,3.375,0.6136363636363636,729.9146785897182,4240.791967772068,0.32608120663261947,0.13739875049955244,5.0,1.0,0.0,1.0,624.7426260331537
Shyvana,6,32,4,3,11,22,3111,2031,2051,3068,0,0,2052,6184,5891,1061,3151,1678,10443,4076,5018,1348,268,7828,1873,0,False,1,0,,,3,0,1,100,True,False,True,5.0,1.5,711.9413314615878,2177.5220607609676,0.19227942645676396,0.3483203516335073,0.0,2.0,0.0,1.0,478.2127786884498
Viego,4,32,19,8,31,39,3111,3053,3143,6632,6333,8001,0,16563,35962,30016,4282,1662,38687,16410,13677,8599,2398,45965,17489,0,False,6,2,,,8,1,4,200,True,False,False,6.25,1.0869565217391304,868.2679712002508,3364.053975673561,0.23491813278069285,0.2879240739120285,4.0,2.0,0.0,2.0,220.42695459718948
Evelynn,4,14,8,8,25,20,3158,3152,1028,3102,3100,0,0,11016,19360,620,17501,1238,16065,2891,12361,812,700,14264,2093,0,False,1,0,,,3,1,2,200,True,False,False,4.125,0.8918918918918919,751.5774949340632,2011.7686501064363,0.21159725520408526,0.19831295848148012,3.0,3.0,0.0,0.0,349.96209137605416
Elise,4,3,7,14,25,35,3020,6653,3157,3102,4645,3100,0,15933,28357,848,26644,864,32218,9278,22122,818,532,13379,3155,0,False,0,0,,,2,4,1,200,False,False,False,2.2857142857142856,0.5245901639344263,620.6262732136846,2857.009312988595,0.19117327759736247,0.1628465863279373,0.0,1.0,0.0,1.0,374.7777577
Volibear,4,32,4,12,33,32,3047,6664,3075,3742,3109,1029,0,13836,19966,10668,7333,1964,37559,23322,10374,3861,792,57838,4492,536,False,0,0,,,2,1,2,200,True,False,False,3.0833333333333335,0.6379310344827587,602.6648941168369,2421.8748288047914,0.132340585243598,0.22127431568010308,0.0,1.0,1.0,0.0,702.1330508307053
Kennen,4,32,8,13,29,24,3020,3152,2420,4629,1058,3102,0,13004,33623,1470,30514,1638,26973,12937,11784,2250,1346,18293,610,0,True,0,0,,,2,3,2,200,True,False,False,2.8461538461538463,0.6491228070175439,666.2653737844992,3090.3518746654045,0.2297588503180929,0.18814025068374032,0.0,2.0,0.0,0.0,365.16854296076093
Ornn,4,3,5,14,33,74,3111,7004,3143,3121,3075,3110,0,16948,25875,7667,18208,0,55025,34791,18619,1614,505,108460,2618,0,False,1,0,,,2,4,1,100,False,False,False,2.7142857142857144,0.5277777777777778,626.988140928055,3798.1337909204663,0.1640661002448603,0.27985089119148315,0.0,1.0,0.0,0.0,549.4049087334292
TwistedFate,4,3,6,13,20,42,3006,6671,3094,3031,1038,1036,0,12398,14627,6777,7849,0,20026,6707,12888,429,1676,6696,731,0,False,0,0,,,2,1,3,200,True,False,False,2.0,0.48148148148148145,662.8267667339952,2669.8509747277785,0.12652675110203832,0.1386355606696343,1.0,3.0,0.0,0.0,
Renekton,4,32,9,13,10,31,3111,6630,1029,3071,6333,1029,0,11841,13690,11943,909,837,36676,28196,1484,6994,87,31901,6896,0,False,2,0,,,3,4,0,200,False,False,False,1.4615384615384615,0.3958333333333333,620.8566560088296,2295.1442113361645,0.1461015400445538,0.30212309644282115,2.0,1.0,0.0,0.0,
Renekton,4,32,19,14,21,65,3111,6630,3156,3071,6333,3065,0,19145,38352,32419,4414,1518,71209,25700,31569,13939,0,121615,25169,0,False,3,3,,,4,4,0,100,False,False,False,2.857142857142857,0.5555555555555556,804.7502118484206,3845.8574103999977,0.18474591346705224,0.33577495950886704,2.0,5.0,0.0,0.0,
Braum,4,3,0,10,40,7,3111,3121,3001,3050,3109,0,0,11759,12565,2105,9723,736,31626,12847,17288,1489,270,51954,3518,0,False,0,0,,,0,4,2,200,False,False,False,4.0,0.8333333333333334,575.0259564955512,1218.1676002022787,0.09236506893062109,0.20980874863508633,0.0,0.0,0.0,0.0,
Lux,4,3,3,5,20,40,3020,6655,3112,1052,3070,1026,0,7986,9445,642,8802,0,8531,4915,2629,986,609,4379,9,0,False,0,0,,,0,0,2,200,True,False,False,4.6,1.15,714.253876081679,3616.96279629786,0.1533922574032813,0.19565715069446424,0.0,0.0,0.0,0.0,312.7833646323569
Shyvana,4,6,1,7,19,39,3047,3068,3083,1028,1037,0,0,9276,10689,2044,8644,0,21022,9394,10922,705,817,22071,1456,0,False,0,0,,,0,0,0,200,True,False,False,2.857142857142857,0.6451612903225806,647.9666268904547,2040.3698958948657,0.1514693640923404,0.2735777877359954,0.0,0.0,0.0,0.0,287.1357147
Leona,4,32,4,13,29,12,3047,4401,3121,3068,3211,3067,0,13360,17582,3670,12557,1355,36941,11478,21081,4381,104,66219,1347,234,True,0,0,,,2,3,1,200,True,False,False,2.5384615384615383,0.673469387755102,581.8488867974996,1515.114509797323,0.11929821348444719,0.26634672244295504,1.0,0.0,0.0,0.0,
Rell,4,32,1,9,21,11,3047,6664,3143,3070,2051,0,0,8881,7057,664,5361,1030,19852,15193,2135,2524,363,32674,948,440,False,0,0,,,0,1,3,200,True,False,False,2.4444444444444446,0.6285714285714286,610.5879271836797,1075.2893912381173,0.10516172423849258,0.27012103134849674,1.0,0.0,0.0,0.0,249.66239449999998
Leblanc,4,3,14,15,21,29,3020,7013,2420,3089,3102,4645,0,15880,38549,1222,36741,585,29222,15019,13788,413,2882,14912,1554,0,False,1,0,,,2,4,3,100,True,False,False,2.3333333333333335,0.5645161290322581,659.6178519102172,2911.548913647549,0.23159013880324952,0.14053961558716221,0.0,4.0,0.0,1.0,
Lux,4,3,2,9,32,53,3020,3070,3089,6655,3108,3067,0,11459,21014,793,19708,512,17099,6900,10084,115,1998,8727,475,0,False,0,0,,,0,4,2,200,False,False,False,3.7777777777777777,0.918918918918919,619.028945542139,3177.7438306873373,0.19639127138547322,0.207389350218798,0.0,2.0,0.0,0.0,288.6482011
Morgana,4,32,4,8,9,20,3111,6656,3157,3070,3112,0,0,8676,10356,803,8392,1159,17191,4045,12609,536,351,9488,1608,0,False,0,0,,,2,4,0,100,False,False,False,1.625,0.40625,611.2566621660254,1758.5867527131866,0.18483698524180928,0.19837961231665566,0.0,3.0,0.0,0.0,
TwistedFate,4,3,2,15,27,37,3006,6671,3094,3153,1038,0,0,12621,11860,3509,8351,0,27399,8891,16341,2167,1757,9748,1491,0,False,0,0,,,0,4,2,200,False,False,False,1.9333333333333333,0.48333333333333334,606.7107292386452,1902.3877734418738,0.11309832082427439,0.18103789421795577,0.0,1.0,0.0,0.0,
Hecarim,6,14,6,10,27,26,3047,6664,2051,3121,3066,1031,0,9469,14826,10857,3111,858,25826,14523,9946,1355,0,28941,4469,0,False,1,0,,,2,4,0,200,False,False,False,3.3,0.717391304347826,732.8364303780132,3011.0641460398283,0.20682029956873876,0.2594374803977848,0.0,3.0,0.0,0.0,
Kassadin,4,32,14,14,24,23,3111,6656,3089,3040,3113,3108,0,14633,31957,1868,28892,1197,33770,23064,8565,2140,151,23347,4658,0,False,3,1,,,3,2,1,100,True,False,False,2.7142857142857144,0.7169811320754716,730.1853043391096,2842.829087452837,0.2318917789206551,0.2576372623695728,4.0,2.0,0.0,0.0,401.8607394
Aatrox,4,32,7,11,17,27,3047,6630,2051,6333,3155,1036,0,10877,15774,13677,976,1120,29279,11220,12754,5304,1054,21943,8089,0,False,1,0,,,2,1,2,200,True,False,True,2.1818181818181817,0.6857142857142857,655.4878274388221,2047.7523076511045,0.14541254542131724,0.33077676276936,3.0,2.0,1.0,0.0,691.4044966415654
Gnar,4,32,1,9,9,28,3111,6631,2051,3156,0,0,0,8506,10252,9351,206,695,18751,4309,14312,130,40,14048,491,0,False,0,0,,,0,2,0,100,False,False,True,1.1111111111111112,0.24390243902439024,545.2063897358549,1707.8922268144909,0.1945033832973383,0.23793447058665942,0.0,0.0,0.0,0.0,
Renekton,4,32,8,7,15,30,3111,6630,6333,2051,3155,1036,0,10673,16204,14391,843,970,25560,15304,8639,1617,1448,19249,6446,0,False,1,0,,,4,0,2,100,True,False,False,3.2857142857142856,0.6216216216216216,753.3482190317592,2525.2407418000407,0.19652485568000144,0.2863384583844605,5.0,2.0,0.0,0.0,257.9480787
Viego,4,32,8,11,9,7,3111,6333,3155,6632,3133,0,0,10815,18279,14260,3158,860,26179,13313,10318,2548,189,30355,4640,0,False,2,0,,,3,4,1,200,False,False,False,1.5454545454545454,0.37777777777777777,627.7483356507314,1631.7531472575968,0.1937950500302638,0.23681575124610918,2.0,0.0,0.0,0.0,
Syndra,4,3,8,11,17,74,3020,6655,4645,3040,3102,0,0,13699,32845,791,31681,372,24156,10553,13287,315,308,8190,2211,0,False,1,0,,,2,4,1,100,False,False,False,2.272727272727273,0.4807692307692308,682.6025300365854,4628.718255309524,0.28345378849683206,0.193188026225463,0.0,4.0,0.0,0.0,520.4419077010102
Sivir,4,3,4,9,33,63,3006,6671,3177,3508,1018,0,0,10308,18508,17964,543,0,16054,8838,6788,427,2308,6256,427,0,False,0,0,,,0,2,3,200,True,False,False,4.111111111111111,0.8409090909090909,707.6747027297594,4712.021487838965,0.21118879551051634,0.1724459762034926,3.0,0.0,0.0,0.0,
Senna,4,7,12,12,34,19,3111,6692,3094,3042,3072,3124,0,16167,35815,33346,2468,0,29691,12022,16949,719,1205,22012,10711,4493,True,1,0,,,4,4,1,200,False,False,False,3.8333333333333335,0.71875,681.4300265779841,2983.334884168281,0.21878457818920677,0.17060171144169622,1.0,2.0,0.0,0.0,266.0179905958508
Lulu,4,7,1,14,37,7,3158,6617,3108,3504,3011,6616,0,13469,5226,437,4788,0,26168,10602,12413,3153,561,16743,6304,4011,False,0,0,,,0,4,2,200,False,False,False,2.7142857142857144,0.5846153846153846,545.7559957445897,638.5802342084138,0.032669130341364865,0.13285298775479995,0.0,1.0,0.0,0.0,
TwistedFate,4,3,5,13,34,46,3006,7006,3031,1053,3094,1038,0,14791,21694,6469,15224,0,31128,4478,25724,925,2071,10996,755,0,False,0,0,,,2,2,2,100,True,False,False,3.0,0.6842105263157895,620.4210882987562,3259.7953247560035,0.11300671210859344,0.16825831731220353,0.0,0.0,0.0,0.0,
Leblanc,4,14,8,11,17,11,3020,3112,1058,6655,3102,1058,0,11063,15461,389,14571,500,18191,11182,6201,807,2022,8436,445,0,False,0,0,,,2,2,3,100,True,False,False,2.272727272727273,0.6578947368421053,734.2462462157911,1956.4386485463262,0.17915591574893258,0.1957834477686248,3.0,1.0,0.0,0.0,269.70931269514324
Renekton,4,32,8,10,24,40,3047,6630,6333,3071,0,0,0,11769,25792,21489,2295,2007,41428,21991,13559,5877,800,47546,13773,0,False,2,0,,,2,4,1,100,False,False,False,3.2,0.6530612244897959,698.0231238394538,3424.2161547335004,0.2176155399985258,0.29517529430952416,5.0,0.0,0.0,1.0,
Alistar,4,3,1,14,39,11,3111,3190,3121,3109,3050,3065,0,14860,16972,1941,14592,438,55708,11357,36753,7597,260,86352,12308,6772,False,0,0,,,0,4,4,100,False,False,False,2.857142857142857,0.6557377049180327,558.3063557506891,1290.781058312636,0.08104376189303521,0.2572415814545789,0.0,0.0,0.0,0.0,
Jayce,4,3,4,5,12,16,3158,3070,6692,3133,3134,0,0,8180,14133,12243,1624,265,7658,3186,2731,1739,1963,3692,264,0,False,0,0,,,0,0,2,200,True,False,False,3.2,0.8888888888888888,706.9536861738638,2047.3449721667246,0.28956585075583197,0.20134867535215514,2.0,0.0,0.0,0.0,319.9005442614949
Jayce,4,7,6,15,33,30,3111,3042,3142,3035,3133,6692,2052,13503,27842,21852,5306,683,26502,15504,10072,925,546,16932,1999,324,False,1,0,,,2,4,1,100,False,False,False,2.6,0.6,641.7465057478067,2905.4836623431484,0.20338408299808355,0.17815788219827072,0.0,2.0,0.0,0.0,
Gnar,4,32,8,12,26,46,3047,6630,3143,3071,6333,3066,0,15387,24160,22144,1105,910,38919,17008,15389,6521,2202,49541,5671,0,False,1,1,,,4,4,2,200,False,False,False,2.8333333333333335,0.5573770491803278,660.0632793920175,3396.07907854483,0.17293667886149805,0.21207456596670773,5.0,1.0,0.0,0.0,342.8324152722783
Lux,4,3,8,7,35,58,3020,6655,3040,3112,3089,0,0,13611,24186,1260,22620,304,13183,5894,7240,48,2601,10017,1571,0,False,0,0,,,3,2,4,100,True,False,True,6.142857142857143,1.1025641025641026,732.8121093256646,5343.462349328451,0.18251764600594556,0.11382959666513362,4.0,1.0,2.0,0.0,
Brand,4,3,9,9,24,61,3158,4637,3116,6653,3165,0,0,14058,48841,652,46687,1501,24749,9075,13450,2222,1628,10888,2111,0,True,1,0,,,2,2,2,100,True,False,False,3.6666666666666665,0.9705882352941176,646.2582115916158,4946.544769901427,0.3074339081718494,0.18486594020887478,2.0,3.0,0.0,0.0,433.35947402334506
Viego,4,32,10,6,5,28,3111,6333,2051,6632,0,0,0,8985,12087,9175,1639,1272,19377,9276,9358,742,374,13049,3297,0,False,2,1,,,3,4,0,200,False,False,False,2.5,0.7142857142857143,727.4181583083247,2482.7208140540283,0.26142620428045593,0.27108876966773365,1.0,0.0,0.0,0.0,
Ezreal,4,32,4,9,15,41,3111,3508,3042,6694,3067,3802,0,12182,27733,17247,9945,539,16578,5886,10248,444,1117,7201,898,0,False,1,0,,,2,4,1,200,False,False,False,2.111111111111111,0.5,577.778124286614,3354.3359317686663,0.21199244215964574,0.1701261318438489,0.0,3.0,0.0,0.0,444.80169714396715
Brand,4,7,11,11,26,75,3020,4637,3157,6653,3165,3145,0,15368,47160,795,42066,4298,28630,16904,9596,2129,1407,15956,2981,930,False,1,0,,,4,4,2,200,False,False,False,3.3636363636363638,0.6981132075471698,678.4855184925732,5331.59577478153,0.26738816554254297,0.1870689286845876,2.0,2.0,0.0,0.0,539.9119597
Viego,4,32,13,7,18,28,3111,6632,2051,6333,3211,3067,0,11066,14742,10464,3668,610,19605,12960,5852,792,828,15885,6083,0,True,3,1,,,4,0,2,200,True,False,False,4.428571428571429,1.24,938.1536806846326,2625.6154708726835,0.16013491847049263,0.25071572813545523,4.0,1.0,0.0,0.0,349.8767607588094
XinZhao,4,32,9,7,14,23,3047,6630,6333,0,2051,1033,0,10358,20006,17573,1403,1030,22508,14157,4647,3703,1518,16451,7051,0,False,2,0,,,3,0,4,100,True,False,False,3.2857142857142856,0.6764705882352942,821.7954704872074,2847.029141585508,0.23779316550818783,0.29319671061654207,0.0,2.0,0.0,0.0,422.8917848744249
Tryndamere,4,6,11,15,33,74,3009,6671,3105,3031,3072,6675,0,18471,33419,29291,2539,1589,50531,28771,20432,1326,1303,50251,11997,0,False,2,0,,,2,2,2,100,True,False,False,2.933333333333333,0.7096774193548387,700.2652592761997,4084.1497541988438,0.20369894276057848,0.2728800303323672,3.0,2.0,0.0,0.0,383.1419979487086
Yorick,4,32,3,6,15,28,3111,3078,4401,3070,0,0,0,9612,7341,4334,2597,410,16697,4866,11131,699,2223,13245,3289,0,False,0,0,,,0,0,2,100,True,False,False,3.0,0.5806451612903226,727.528647781925,2367.833145257351,0.12160977906803482,0.2279761999843889,1.0,1.0,0.0,0.0,375.3015340564796
Camille,4,32,15,11,17,48,3047,6632,1029,6333,3156,3748,0,15991,32235,21409,641,10184,35972,20493,8542,6936,1469,50019,8668,0,False,4,0,,,3,2,2,200,True,False,True,2.909090909090909,0.7804878048780488,771.2507070699287,3966.425075729579,0.24731017853254644,0.22433637460903752,1.0,2.0,0.0,0.0,
Leona,4,3,4,12,24,13,3111,3083,2051,3068,3070,3067,0,10705,13574,3486,9834,252,29924,14006,13122,2794,528,35354,1024,504,False,0,0,,,2,2,3,200,True,False,False,2.3333333333333335,0.6222222222222222,610.0450516310784,1725.8823606321737,0.11864701063076391,0.2580686494134908,1.0,1.0,0.0,0.0,356.83852179999997
Ornn,4,3,2,9,36,12,3047,7019,1029,3121,3109,3083,0,12461,14656,5875,8780,0,32905,20447,7840,4617,54,49792,1895,0,False,0,0,,,0,2,0,200,True,False,False,4.222222222222222,0.8085106382978723,579.4365837367226,1372.3499517618156,0.08222524595347207,0.2538732886072143,0.0,0.0,0.0,0.0,402.21022421640583
DrMundo,6,32,4,11,29,25,3111,6664,3143,3083,3066,1057,0,12463,22139,5595,15570,973,42988,22771,19429,788,77,45988,8842,436,False,0,0,,,0,2,1,200,True,False,False,3.0,0.6111111111111112,614.9413129632107,2222.8893315448686,0.15545673489801284,0.2685426503884278,2.0,0.0,0.0,0.0,283.77386709999996
TahmKench,4,3,11,18,31,58,3111,3143,3193,6662,4401,3091,0,23119,25890,3652,22237,0,82531,30201,46260,6069,485,193771,19067,573,False,0,0,,,3,4,1,200,False,False,False,2.3333333333333335,0.47191011235955055,614.2962178268207,3161.5135155643957,0.09775269096697828,0.2233362692234259,1.0,1.0,0.0,0.0,
Leblanc,4,14,8,7,19,15,3020,6655,3089,3102,0,0,0,11703,20524,834,17905,1784,14774,8795,5370,608,2210,8751,999,0,True,1,0,,,3,2,1,100,True,False,True,3.857142857142857,0.9642857142857143,679.6491471018984,1900.1816777744812,0.2199851196479158,0.1875864014457237,4.0,1.0,1.0,0.0,522.1668019364809
Karma,4,3,7,8,27,39,3020,6655,3102,3011,4645,1028,0,13765,21957,845,20224,888,15692,3824,11010,858,879,13308,1733,0,False,1,0,,,3,2,2,200,True,False,False,4.25,0.7083333333333334,691.097536766767,3169.291768912231,0.1667734259359294,0.1215072452292373,1.0,2.0,0.0,0.0,
Kaisa,4,3,17,10,22,78,3020,6655,3040,3089,4645,3135,0,19676,81030,5926,73318,1785,29666,13470,13853,2341,2010,17637,3833,0,False,3,0,,,4,4,3,100,True,False,False,3.9,0.7222222222222222,748.7773108043475,6300.346210005567,0.5011533312803749,0.13917785123436852,3.0,5.0,1.0,0.0,
Renekton,4,6,15,12,16,54,3047,6630,6333,3071,3044,1037,0,14152,26171,22675,3495,0,44013,26035,12084,5893,436,42715,10925,0,False,3,0,,,4,4,1,200,False,False,False,2.5833333333333335,0.5344827586206896,731.754165412717,3563.8874553236706,0.19569263657229805,0.29678295521879816,8.0,2.0,1.0,1.0,596.5509137
Sona,4,3,4,7,30,3,3111,6617,3114,3040,3504,1004,0,11120,11965,2151,9274,539,22859,5279,17154,425,1340,13942,20923,10473,False,0,0,,,2,2,4,200,True,False,False,4.857142857142857,0.918918918918919,623.596126674605,991.7989967702496,0.11291319088338964,0.2337277778891117,2.0,0.0,0.0,0.0,
Braum,4,3,1,9,31,8,3047,3190,3121,3076,3109,1011,0,10734,9705,665,9039,0,25846,12885,8859,4101,982,34074,1759,268,False,0,0,,,0,4,0,200,False,False,False,3.5555555555555554,0.7441860465116279,549.4550264082563,811.3012390686948,0.07510756570078043,0.22550561321948784,1.0,0.0,0.0,0.0,557.9630049062207
Lucian,4,3,13,9,11,41,3006,6671,3177,3508,3031,0,0,11799,27322,23151,3145,1025,14985,6657,7828,500,1480,6237,796,0,False,3,1,,,4,4,1,100,False,False,False,2.6666666666666665,0.5106382978723404,751.8899526053384,3909.7854135931157,0.33986879465604186,0.13698068217486567,0.0,7.0,0.0,0.0,
Kaisa,4,7,14,6,27,66,3020,7013,3157,3040,3112,3089,0,16098,44028,2936,41018,73,17822,4749,11427,1645,4367,9645,3189,481,False,2,0,,,4,2,3,100,True,False,False,6.833333333333333,1.3225806451612903,736.0105980426817,4419.872897597893,0.3696953135830003,0.12225960558733633,5.0,3.0,1.0,0.0,
LeeSin,4,32,6,14,17,32,3047,6630,6333,3053,3211,0,0,12338,15323,11890,2492,940,32358,17596,11255,3507,276,42050,2933,0,False,0,0,,,0,4,1,200,False,False,False,1.6428571428571428,0.39655172413793105,623.4182678018477,1821.0176213548796,0.16064676549427154,0.2505923623128005,1.0,1.0,0.0,0.0,
Sejuani,4,32,10,11,28,46,3047,3083,3121,3068,3075,3051,0,14268,30640,12520,15821,2298,39840,18202,20076,1561,0,57570,1457,0,False,1,0,,,4,4,0,200,False,False,False,3.4545454545454546,0.7169811320754716,650.719106558739,4019.2886890931704,0.21113979545775158,0.2500140981375738,1.0,6.0,0.0,0.0,
Evelynn,4,14,18,9,19,37,3158,3152,3157,3100,3102,3089,0,17871,40716,553,36441,3721,30678,16179,12297,2201,778,26060,6911,0,False,2,0,,,6,3,2,100,True,False,False,4.111111111111111,0.7708333333333334,695.051334441502,3067.9730213184475,0.23100387891042695,0.14831291506540445,7.0,1.0,0.0,0.0,447.8768136932893
Gragas,4,14,17,7,18,54,3158,6656,3102,3089,3112,3108,0,14422,27057,1638,23770,1649,24565,16074,7329,1162,1610,18504,7500,0,False,4,0,,,4,2,3,100,True,False,False,5.0,0.9210526315789473,793.5313298556439,4172.179863599389,0.24262812537667966,0.1799972369927304,5.0,2.0,0.0,0.0,
Yorick,4,32,3,12,34,62,3111,2051,6632,6333,3053,3077,0,13264,24688,17159,6574,955,36711,21336,10664,4710,3876,40669,9568,0,False,0,0,,,2,2,3,100,True,False,False,3.0833333333333335,0.6166666666666667,625.9770048235132,2940.026401090688,0.14365351507670948,0.20857245278850312,1.0,0.0,0.0,0.0,355.83534654711184
Gragas,4,3,5,6,13,31,3020,6656,4645,3100,0,0,0,10188,13184,537,12646,0,18392,10896,6976,519,308,12704,6611,0,False,0,0,,,2,4,0,100,False,False,False,3.0,0.5294117647058824,647.9824937702039,2427.40428385076,0.18044333247369304,0.2024534397823837,2.0,1.0,0.0,0.0,498.2494146645768
Lucian,4,3,11,15,20,95,3111,6671,3139,6676,3508,1038,0,17201,22505,18247,3992,265,31811,4939,25718,1152,2213,17914,1343,0,True,3,0,,,2,4,1,200,False,False,False,2.066666666666667,0.4246575342465753,669.5285704207471,4300.833746890002,0.15487667545446707,0.1722581213752456,0.0,5.0,0.0,0.0,
TahmKench,4,3,0,10,25,33,3111,3068,2051,3121,4401,1006,0,11945,15524,1979,13544,0,43589,18974,21295,3319,1670,82164,15601,922,False,0,0,,,0,2,4,200,True,False,False,2.5,0.5208333333333334,555.9260933219135,1838.3473833801004,0.0915251466783855,0.24974342031090582,0.0,0.0,0.0,0.0,
Lux,4,3,9,9,28,90,3158,6655,4645,3040,3102,1058,0,15936,27387,787,25496,1104,25730,14437,10925,367,4080,19671,4076,0,False,1,0,,,3,4,4,200,False,False,False,4.111111111111111,0.8604651162790697,678.745634354419,5479.393104490934,0.19838524849005837,0.15088155036822437,2.0,1.0,0.0,0.0,
Leblanc,4,14,6,9,15,25,3020,3102,1028,6655,4645,0,0,12333,20036,164,19214,657,19223,11867,7142,212,1547,12072,553,0,False,0,0,,,2,1,2,100,True,False,False,2.3333333333333335,0.5675675675675675,638.1204429267574,1923.7273207791584,0.18096297668259737,0.17907864101732066,3.0,0.0,0.0,0.0,477.3699750279125
Evelynn,4,14,13,11,14,6,3158,3152,3100,3089,3102,0,0,13848,32073,330,30025,1718,26308,9687,16030,590,0,18930,2758,0,False,1,0,,,2,2,0,100,True,False,False,2.4545454545454546,0.5,704.649930812061,2126.0688047463473,0.29833096899734113,0.18583154306951824,4.0,2.0,0.0,0.0,324.7717684
Kennen,4,6,8,12,27,32,3020,3152,4629,4645,3108,4632,0,13580,31314,914,30329,70,24577,10211,13836,528,317,16217,1004,0,False,1,0,,,3,4,0,200,False,False,True,2.9166666666666665,0.6481481481481481,649.9988395001922,2836.084840354033,0.21717365437034813,0.20504205640613585,0.0,5.0,0.0,0.0,401.5842252281089
Camille,4,3,2,11,21,15,3047,3053,1053,3078,1036,0,0,9406,13524,9278,399,3847,21614,15624,5602,388,809,21393,1004,0,False,0,0,,,0,4,1,100,False,False,False,2.090909090909091,0.4339622641509434,604.3549529174085,1409.5380758459912,0.14833135361821317,0.18398759440742832,1.0,0.0,0.0,0.0,253.42190576839738
Renekton,4,32,9,9,20,47,3047,6630,3071,6333,3044,1037,0,13740,26345,23299,1751,1295,38601,28534,3125,6941,1312,47555,11325,0,False,1,0,,,3,3,3,100,True,False,False,3.2222222222222223,0.6744186046511628,648.9990703321479,3478.1499596329554,0.18757094840114005,0.2885058289731319,3.0,1.0,0.0,0.0,542.3387874
Zac,4,3,4,14,27,35,3111,1026,3143,6662,3075,1011,0,12617,18085,1243,16635,206,46692,29849,12428,4414,112,65750,23361,1451,False,0,0,,,0,4,0,200,False,False,False,2.2142857142857144,0.4696969696969697,588.1620380853348,1985.9871579300925,0.11216749110384298,0.26115727520033294,0.0,0.0,0.0,0.0,289.49806129999996
Ornn,4,14,5,6,22,29,3111,7004,3070,4401,2051,1028,0,9651,10222,3031,6240,950,18325,4425,12541,1358,643,21136,806,0,False,0,0,,,2,0,1,200,True,False,True,4.5,1.173913043478261,671.6580417804404,1765.8557440855586,0.17594192033712244,0.2554783546655738,2.0,0.0,0.0,0.0,578.1703527341956
XinZhao,4,32,6,15,21,14,3111,6630,6333,3156,3133,1028,2052,12256,24874,21685,2116,1072,39001,14498,19320,5182,1083,36849,7432,0,False,0,0,,,0,4,2,100,False,False,False,1.8,0.4909090909090909,573.7629886530816,2079.0482824583337,0.17885797862625524,0.27153527429108276,1.0,1.0,0.0,0.0,
Jayce,4,14,13,7,23,28,3111,3142,6692,3042,3035,1036,0,12082,27405,23542,2917,945,14922,5412,7402,2107,3419,11874,1716,0,False,3,1,,,4,0,4,100,True,False,False,5.142857142857143,1.3333333333333333,742.8062178324507,2958.2850074398493,0.2569066272319962,0.18118834637472703,5.0,3.0,1.0,0.0,646.9503767
JarvanIV,4,32,7,14,34,15,3111,3071,3068,3121,3076,0,0,11243,16920,11499,3754,1666,33746,22206,10323,1216,139,45267,1767,0,False,1,0,,,2,4,1,100,False,False,False,2.9285714285714284,0.6119402985074627,633.3634991049769,1444.7495994206663,0.12762973380961562,0.2103422758702313,3.0,1.0,0.0,0.0,134.29302739856738
Gnar,4,32,4,12,24,25,3111,6631,3071,4401,2051,1028,0,12219,23292,20066,2147,1079,30840,12984,17310,546,604,32217,1943,0,False,0,0,,,2,4,1,100,False,False,False,2.3333333333333335,0.49122807017543857,631.3663618354836,2876.8187528486337,0.1703683809587755,0.23537368278015475,2.0,1.0,0.0,0.0,
Jayce,4,3,16,14,35,41,3047,3142,6692,3042,6695,3110,0,18783,51686,44099,7586,0,31516,16037,14181,1297,4701,33852,2317,0,False,2,1,,,3,4,3,200,True,False,False,,,,,,,,,,,
Braum,4,3,0,9,22,4,3111,3190,3070,3109,3024,0,0,7580,3387,1119,2267,0,18510,7482,6950,4077,180,19790,1567,490,False,0,0,,,0,4,1,100,False,False,False,,,,,,,,,,,
Senna,4,3,4,4,29,12,3111,6692,3042,1018,6677,1042,0,10630,11439,11439,0,0,13091,3526,9312,252,1870,8560,7912,3084,False,0,0,,,0,2,3,100,True,False,False,,,,,,,,,,,
Renekton,4,32,9,13,16,36,3009,6630,3065,3053,3066,1057,0,13522,19572,16134,1682,1755,60117,39307,19380,1429,382,57173,12193,0,False,2,0,,,2,4,1,200,False,False,False,,,,,,,,,,,
Blitzcrank,4,14,5,7,17,27,3111,3068,3121,4401,3066,0,0,12027,12612,3149,8121,1340,25109,11276,12368,1463,704,46385,2108,280,False,0,0,,,2,2,2,200,True,False,False,,,,,,,,,,,
Viego,4,32,26,13,15,35,3111,6632,6035,6333,3065,3053,0,18985,36695,30140,4626,1929,51752,22752,22118,6881,1188,53055,18744,0,True,5,3,,,5,4,1,200,True,False,True,,,,,,,,,,,
Ornn,4,3,7,12,18,33,3047,7004,4401,3121,3067,2051,0,11666,11253,3767,7485,0,29919,10124,13817,5977,50,29657,891,530,False,1,0,,,2,4,0,200,False,False,False,,,,,,,,,,,
Nautilus,4,3,1,11,32,17,3111,3068,4401,3066,3070,0,2052,11116,9754,2224,7530,0,27706,11533,14369,1803,732,48291,1880,388,False,0,0,,,0,4,4,200,True,False,False,,,,,,,,,,,
Ahri,4,6,4,5,14,53,3020,6656,3102,3108,3070,3112,0,10449,11889,906,7628,3354,14878,6521,8117,240,782,8597,2401,0,False,0,0,,,2,4,1,100,False,False,True,,,,,,,,,,,
Caitlyn,4,7,4,5,6,32,3006,6672,0,0,0,0,2052,6532,6204,5879,141,183,5950,2494,2757,698,1101,2105,945,67,False,1,0,,,2,0,1,100,True,False,True,,,,,,,,,,,
Morgana,4,7,4,9,33,30,3020,3102,4637,6653,3070,3067,0,12933,30332,868,28137,1327,22641,9472,12788,380,1932,10955,5813,913,False,0,0,,,2,2,4,100,True,False,False,,,,,,,,,,,
Alistar,4,6,6,12,48,25,3111,6664,3143,3050,3109,3121,0,15614,19605,1545,18015,45,50492,27815,19958,2718,251,92044,16362,7692,False,0,0,,,0,2,3,200,True,False,False,,,,,,,,,,,
Renekton,4,32,6,11,20,33,3111,6630,3053,3065,3067,1036,0,12555,20604,16318,3159,1126,44179,10860,29782,3536,1521,42301,10882,0,False,1,0,,,2,4,2,100,False,False,False,,,,,,,,,,,
Alistar,4,3,1,9,29,7,3111,3001,1028,4401,3109,0,0,9748,8061,672,7371,17,26237,8223,16923,1090,531,43336,10003,5901,False,0,0,,,0,4,1,200,False,False,False,,,,,,,,,,,
Gnar,4,32,8,9,25,51,3111,6630,3105,3065,3071,3053,0,16177,25334,22472,1146,1715,43731,23093,17928,2709,1279,39888,6510,0,False,2,0,,,3,1,3,200,True,False,False,,,,,,,,,,,
Nautilus,4,3,1,10,28,12,3047,6664,3083,1028,3075,0,0,11059,16272,4361,11911,0,31785,22330,8637,818,644,64174,2357,1421,False,0,0,,,0,4,2,200,False,False,False,,,,,,,,,,,
Singed,4,6,2,12,26,37,3111,6664,4401,3116,1011,3070,0,12849,14438,545,13892,0,35583,16991,17787,805,135,56843,1217,891,False,0,0,,,0,2,1,200,True,False,False,,,,,,,,,,,
